spec,coef,se,ci_lo,ci_hi,n_obs,outcome,pval
Drop CA (rate_susb_all),2.6363423423289802,0.752395747221322,1.4664758015447772,3.8062088831131833,,new_401k_per_1000_firms,
With-employees (rate_susb_all),2.2134293026314973,0.41368910915531254,1.5424627644996285,2.884395840763366,,new_401k_with_employees_per_1000_firms,
Drop late-treatment ME/DE/NJ (rate_susb_all),2.8290350166017086,0.6850547798014804,1.7958030829121983,3.862266950291219,,new_401k_per_1000_firms,
Permutation 2-sided p (rate_susb_all),2.902516619257188,0.3117091092443982,,,200.0,new_401k_per_1000_firms,0.0
Drop CA (rate_susb_5plus),6.702609039813736,1.585536766482376,4.089350886120383,9.315867193507088,,new_401k_per_1000_firms_5plus,
With-employees (rate_susb_5plus),5.948920823705988,1.1047669502094006,4.056687647414225,7.8411539999977515,,new_401k_with_employees_per_1000_firms_5plus,
Drop late-treatment ME/DE/NJ (rate_susb_5plus),7.718847289720996,1.7322712088668646,4.7295411489311405,10.708153430510851,,new_401k_per_1000_firms_5plus,
Permutation 2-sided p (rate_susb_5plus),7.831288905227307,0.8120972948555777,,,200.0,new_401k_per_1000_firms_5plus,0.0
