spec,coef,se,ci_lo,ci_hi,n_obs,outcome,pval
CS: not-yet-treated (primary),1.5924911007372557,0.23284060584879387,1.2029362448052663,1.9820459566692452,,new_401k_per_1000_qcew_establishments,
CS: never-treated,1.6196610099952595,0.22818543468048808,1.2049365430487322,2.034385476941787,,new_401k_per_1000_qcew_establishments,
TWFE (biased — contrast only),1.9337379671905297,0.4723903040619069,1.0078699845832668,2.8596059497977926,408.0,new_401k_per_1000_qcew_establishments,4.2487802922450236e-05
