spec,coef,se,ci_lo,ci_hi,n_obs,outcome,pval
CS: not-yet-treated (primary),1.6162394497612855,0.2503904460016393,1.1980712798962398,2.0344076196263314,,new_401k_per_1000_qcew_establishments,
CS: never-treated,1.6465857780920157,0.25149759430233143,1.2029810322659409,2.0901905239180905,,new_401k_per_1000_qcew_establishments,
TWFE (biased — contrast only),1.958928432822793,0.44498352884221615,1.0867767425785089,2.831080123067077,408.0,new_401k_per_1000_qcew_establishments,1.0713434632964819e-05
