"type","estimate","std_error","ci_lo","ci_hi"
"simple",2.37165782465133,0.524252160391533,1.34412359028392,3.39919205901873
